{
  "total_distribution": {
    "0": 0.70278,
    "1": 0.16426,
    "2": 0.09983,
    "3": 0.0276,
    "4": 0.00476,
    "5": 0.00069,
    "6": 7e-05,
    "7": 1e-05
  },
  "per_type_distribution": {
    "xuan_feng": {
      "0": 0.963,
      "1": 0.01732,
      "2": 0.01468,
      "3": 0.00418,
      "4": 0.00069,
      "5": 0.00013
    },
    "xi_dan": {
      "0": 0.89795,
      "1": 0.05665,
      "2": 0.0354,
      "3": 0.00865,
      "4": 0.00125,
      "5": 0.0001
    },
    "yao_dan": {
      "0": 0.9642,
      "1": 0.02111,
      "2": 0.01231,
      "3": 0.00218,
      "4": 0.00018,
      "5": 2e-05
    },
    "jiu_dan": {
      "0": 0.87226,
      "1": 0.07592,
      "2": 0.04022,
      "3": 0.01005,
      "4": 0.00138,
      "5": 0.00017
    },
    "da_dan": {
      "0": 0.99976,
      "1": 0.00024
    },
    "gang_dan": {
      "0": 0.99804,
      "1": 0.00196
    }
  }
}