{
  "per_egg": {
    "xuan_feng": {
      "pure": 0.0021060162601626016,
      "lai": 0.011958861788617886,
      "total": 0.014064878048780488
    },
    "xi_dan": {
      "pure": 0.0050273170731707315,
      "lai": 0.018507723577235773,
      "total": 0.023535040650406503
    },
    "yao_dan": {
      "pure": 0.00656780487804878,
      "lai": 0.004820243902439025,
      "total": 0.011388048780487804
    },
    "jiu_dan": {
      "pure": 0.005042276422764227,
      "lai": 0.018520081300813007,
      "total": 0.023562357723577235
    },
    "da_dan": {
      "pure": 0.00010252032520325204,
      "lai": 0.0,
      "total": 0.00010252032520325204
    },
    "gang_dan": {
      "pure": 0.0006103252032520325,
      "lai": 0.0,
      "total": 0.0006103252032520325
    }
  },
  "union_prob": 0.0649680487804878
}