{
  "frequency": 0.2741,
  "theory_prob": 0.13405320590965852,
  "empirical_prob": 0.13615468807004744
}