{
  "counts_all": {
    "0": 23644,
    "1": 30527,
    "2": 14332,
    "3": 5056,
    "4": 1087,
    "5": 40
  },
  "prob_all": {
    "0": 0.23644,
    "1": 0.30527,
    "2": 0.14332,
    "3": 0.05056,
    "4": 0.01087,
    "5": 0.0004
  },
  "counts_subset": {
    "1": 30527,
    "2": 14332,
    "3": 5056,
    "4": 1087,
    "5": 40
  },
  "prob_subset": {
    "1": 0.5980760941969359,
    "2": 0.28078837036166293,
    "3": 0.09905567963637789,
    "4": 0.02129618745346969,
    "5": 0.0007836683515536225
  },
  "total": 100000,
  "subset_total": 51042
}